{
  "name": "Farther West Co.",
  "id": 123456789,
  "theme": {
    "name": "Farther West Co. - Shopify Theme",
    "id": 123456789
  },
  "presets": {
    "Default": {
      "colors": {
        "primary": "#B9431F",
        "secondary": "#F9D5B6",
        "accent": "#333333",
        "text": "#333333",
        "text-light": "#D9D9D9",
        "background": "#F9D5B6",
        "white": "#FFFFFF"
      }
    }
  },
  "settings": [
    {
      "type": "header",
      "content": "Colors"
    },
    {
      "type": "color",
      "id": "color_primary",
      "label": "Primary Color",
      "default": "#B9431F"
    },
    {
      "type": "color",
      "id": "color_secondary",
      "label": "Secondary Color",
      "default": "#F9D5B6"
    },
    {
      "type": "color",
      "id": "color_accent",
      "label": "Accent Color",
      "default": "#333333"
    },
    {
      "type": "header",
      "content": "Typography"
    },
    {
      "type": "font_picker",
      "id": "font_heading",
      "label": "Heading Font",
      "default": "serif"
    },
    {
      "type": "font_picker",
      "id": "font_body",
      "label": "Body Font",
      "default": "sans-serif"
    },
    {
      "type": "header",
      "content": "Promotional Banner"
    },
    {
      "type": "text",
      "id": "promo_text",
      "label": "Promo Text",
      "default": "Launch party! 20% off WITH CODE FW20"
    },
    {
      "type": "color",
      "id": "promo_bg_color",
      "label": "Promo Background Color",
      "default": "#333333"
    }
  ]
}
